<?xml version="1.0" encoding="UTF-8"?>
<plugin_manifest xmlns="http://www.elgg.org/plugin_manifest/1.8">
	<name>Vanilla 2 elgg bridge</name>
	<author>Shachar Solomon</author>
	<version>1.1</version>
	<description>Enable integrating vanilla 2 to elgg 1.8</description>
	<copyright>(C) Shachar Sololomon 2012</copyright>
	<license>GNU Public License version 2</license>
    <website>http://www.fanarchy.co</website>
    <category>service</category>
	<requires>
		<type>elgg_version</type>
		<version>2011123100</version>
	</requires>
	
	
	
	<screenshot>
		<description>Vanilla avtivity</description>
		<path>screenshots/activity.png</path>
	</screenshot>
	<screenshot>
		<description>Vanilla discussions</description>
		<path>screenshots/discussions.png</path>
	</screenshot>
	<screenshot>
		<description>Vanilla authentication settings</description>
		<path>screenshots/vanilla_authentication_settings.png</path>
	</screenshot>
	<screenshot>
		<description>ProxyConnect authentication settings</description>
		<path>screenshots/proxy_connect_sample_settings.png</path>
	</screenshot>
	<screenshot>
		<description>Vanilla bridge admin settings </description>
		<path>screenshots/plugin_settings.png</path>
	</screenshot>
   	<screenshot>
		<description>Vanilla bridge embeded into facebook theme </description>
		<path>screenshots/facebook_theme_vanilla_bridge_plugin/path>
	</screenshot>

	
</plugin_manifest>